id,start_date_local,name,type,moving_time,distance,elapsed_time,total_elevation_gain,max_speed,average_speed,has_heartrate,max_heartrate,average_heartrate,average_cadence,calories,device_watts,icu_average_watts,icu_normalized_watts,icu_joules,icu_intensity,icu_training_load,icu_training_load_edited,icu_rpe,pace,icu_fatigue,icu_fitness,icu_eftp,icu_variability,icu_efficiency,trainer,commute,race,sub_type,icu_ftp,icu_w_prime,p_max,threshold_pace,power_load,hr_load,pace_load,icu_resting_hr,lthr,hr_z1,hr_z2,hr_z3,hr_z4,hr_z5,hr_z6,hr_max,hr_z1_secs,hr_z2_secs,hr_z3_secs,hr_z4_secs,hr_z5_secs,hr_z6_secs,hr_z7_secs,z1_secs,z2_secs,z3_secs,z4_secs,z5_secs,z6_secs,z7_secs,sweet_spot_secs,icu_weight,icu_ignore_power,icu_ignore_hr,icu_ignore_time,icu_recording_time,icu_warmup_time,icu_cooldown_time,icu_hrrc,icu_hrrc_start_bpm,icu_power_spike_threshold,icu_pm_ftp,icu_pm_cp,icu_pm_w_prime,icu_pm_p_max,start_date,icu_sync_date,timezone,file_type,external_id,compliance,gear,description
i148507800,2026-05-15T14:35:22,Zwift - Minute On Minute Off,VirtualRide,4728,28619.4,4740,436.0,21.63,6.037,True,179,154,81.982,746,True,165,191,782211,84.513275,94,,,6.0531726,35.254578,36.751266,225.0,1.1575757,1.2402598,True,False,False,,226,,,,94,81.0,,55,177,142,158,165,176,181,186,195,768.0,2030.0,1066.0,818.0,46.0,0.0,0.0,1334,1383,909,300,699,43,60,512,114.0,False,False,False,4739,1200,600,23.0,178.0,,180,177,14237,902,2026-05-15T12:35:22Z,2026-05-15T13:54:38Z,,fit,2138590764567904288,,,
i147498328,2026-05-12T13:30:50,Zwift - Southern Coast Cruise in Watopia,VirtualRide,3053,24066.21,3056,138.0,12.36,7.875,True,187,154,72.92668,485,True,167,189,508828,83.62832,59,,,7.8828073,34.90902,37.096966,225.0,1.1317365,1.2272727,True,False,False,,226,,,,59,52.0,,55,177,142,158,165,176,181,186,195,578.0,1343.0,328.0,653.0,125.0,19.0,7.0,408,1410,768,221,72,76,98,350,114.0,False,False,False,3055,0,0,23.0,179.0,,180,177,14231,602,2026-05-12T11:30:50Z,2026-05-12T12:21:58Z,,fit,2136383464591622176,,,
i146036598,2026-05-06T21:46:03,Zwift - Tempus Fugit in Watopia,VirtualRide,2134,20210.92,2134,33.0,12.375,9.466,True,186,166,78.41797,423,True,208,212,443563,93.80531,52,,,9.470909,63.75246,41.192417,226.0,1.0192307,1.2771084,True,False,False,,226,,,,52,48.0,,55,177,142,158,165,176,181,186,195,34.0,335.0,558.0,849.0,285.0,74.0,0.0,35,75,842,932,164,78,9,1091,114.0,False,False,False,2133,0,0,12.0,180.0,,206,201,18370,481,2026-05-06T19:46:03Z,2026-05-06T20:22:02Z,,fit,2132284568609243184,,,
i145758840,2026-05-05T21:06:24,Zwift - Big Flat 8 in Watopia,VirtualRide,6544,53218.51,6548,181.0,14.948,8.127,True,177,154,74.46113,1003,True,160,168,1050450,74.33628,100,,,8.132413,65.55723,40.932007,226.0,1.05,1.0909091,True,False,False,,226,,,,100,109.0,,55,177,142,158,165,176,181,186,195,1146.0,2959.0,1542.0,896.0,1.0,0.0,0.0,773,2630,2489,492,130,29,1,1120,114.0,False,False,False,6547,1200,600,13.0,177.0,,171,167,14915,445,2026-05-05T19:06:24Z,2026-05-05T20:55:56Z,,fit,2131539818235052064,,,
i145307831,2026-05-04T11:50:57,Zwift - Southern Coast Cruise in Watopia,VirtualRide,4878,36055.75,4883,215.0,14.133,7.382,True,178,138,70.63544,691,True,149,165,727130,73.00885,72,,,7.391503,60.268024,39.50875,226.0,1.1073825,1.1956521,True,False,False,,226,,,,72,56.0,,55,177,142,158,165,176,181,186,195,3749.0,888.0,117.0,116.0,8.0,0.0,0.0,999,2556,916,290,65,22,30,472,114.0,False,False,False,4882,1200,600,,,999.0,158,155,13090,1090,2026-05-04T09:50:57Z,2026-05-04T16:28:48Z,,fit,2130535482906394624,,,
i145178474,2026-05-03T21:48:17,Zwift - Tempus Fugit in Watopia,VirtualRide,2862,25262.71,2862,39.0,12.24,8.823,True,195,160,74.44221,514,True,188,220,537934,104.7619,87,,,8.826943,58.466404,38.72587,226.0,1.1702127,1.375,True,False,False,,210,,,,87,55.0,,55,177,142,158,165,176,181,186,195,245.0,995.0,839.0,636.0,38.0,57.0,53.0,114,265,1457,788,120,13,106,1401,114.0,False,False,False,2861,0,0,26.0,186.0,,196,193,13750,595,2026-05-03T19:48:17Z,2026-05-03T20:36:20Z,,fit,2130111298237628464,,,
i144904243,2026-05-02T22:47:59,Zwift - Flat Out Fast in Watopia,VirtualRide,2829,25149.63,2836,52.0,11.262,8.877,True,195,171,80.55945,554,True,205,212,581028,100.95238,80,,,8.889936,54.084644,37.56269,226.0,1.0341463,1.2397661,True,False,False,,210,,,,80,73.0,,55,177,142,158,165,176,181,186,195,158.0,227.0,395.0,687.0,491.0,476.0,395.0,108,83,429,1249,767,193,0,691,114.0,False,False,False,2835,0,0,23.0,195.0,,216,212,18017,338,2026-05-02T20:47:59Z,2026-05-02T21:35:29Z,,fit,2129416600003051552,,,
i144624492,2026-05-01T17:49:19,Zwift - Red Zone Repeats in Makuri Islands,VirtualRide,3114,25104.2,3114,108.0,13.311,8.059,True,185,159,74.06982,521,True,175,185,546325,88.09524,67,,,8.061721,50.104954,36.540154,226.0,1.0571429,1.163522,True,False,False,,210,,,,67,58.0,,55,177,142,158,165,176,181,186,195,283.0,1164.0,700.0,746.0,152.0,70.0,0.0,228,564,1228,647,324,94,30,758,114.0,False,False,False,3113,0,0,17.0,180.0,,184,181,13953,507,2026-05-01T15:49:19Z,2026-05-01T16:41:29Z,,fit,2128541527671046176,,,
i144277960,2026-04-30T12:18:58,Zwift - Greater London Flat in London,VirtualRide,3092,25170.98,3096,114.0,12.68,8.13,True,184,153,77.812355,512,True,173,181,536600,86.190475,64,,,8.140679,47.510468,35.806217,226.0,1.0462428,1.1830065,True,False,False,,210,,,,64,51.0,,55,177,142,158,165,176,181,186,195,452.0,1512.0,854.0,217.0,32.0,25.0,0.0,231,296,1573,778,132,76,6,1280,114.0,False,False,False,3095,0,0,,,,174,170,14712,361,2026-04-30T10:18:58Z,2026-04-30T11:10:41Z,,fit,2127650515222282272,,,
i144184881,2026-04-29T23:18:00,Zwift - Tempus Fugit in Watopia,VirtualRide,2956,25077.29,2956,39.0,11.035,8.48,True,183,152,75.07684,476,True,169,176,498877,83.809525,58,,,8.483521,44.978252,35.12688,226.0,1.0414201,1.1578947,True,False,False,,210,,,,58,47.0,,55,177,142,158,165,176,181,186,195,358.0,1932.0,347.0,219.0,79.0,22.0,0.0,222,386,1713,431,144,61,0,977,114.0,False,False,False,2955,0,0,,,,184,181,13939,308,2026-04-29T21:18:00Z,2026-04-29T22:07:43Z,,fit,2127257385675276304,,,
i143840038,2026-04-28T21:19:05,Zwift - Tempus Fugit in Watopia,VirtualRide,2907,25083.3,2907,39.0,12.01,8.625,True,189,150,76.06909,489,True,176,197,512173,93.809525,71,,,8.628587,42.97857,34.57575,226.0,1.1193181,1.3133334,True,False,False,,210,,,,71,44.0,,55,177,142,158,165,176,181,186,195,595.0,1831.0,217.0,216.0,18.0,18.0,13.0,257,257,1288,910,129,21,46,1278,114.0,False,False,False,2906,0,0,21.0,188.0,,175,171,14600,800,2026-04-28T19:19:05Z,2026-04-28T20:07:50Z,,fit,2126472688170958864,,,
i143491005,2026-04-27T20:50:08,Zwift - Flat Out Fast in Watopia,VirtualRide,2995,25080.74,2995,50.0,12.05,8.371,True,192,161,76.06644,496,True,174,194,519705,92.38095,71,,,8.374204,38.675457,33.698097,226.0,1.1149426,1.2049689,True,False,False,,210,,,,71,59.0,,55,177,142,158,165,176,181,186,195,138.0,747.0,1228.0,799.0,43.0,16.0,25.0,137,573,1582,544,96,21,43,1070,114.0,False,False,False,2994,0,0,20.0,191.0,,174,170,14712,642,2026-04-27T18:50:08Z,2026-04-27T20:17:24Z,,fit,2125733300457717792,,,
i142381827,2026-04-23T21:47:08,Zwift - Tempus Fugit in Watopia,VirtualRide,2285,20069.82,2285,32.0,11.213,8.779,True,179,155,75.54404,425,True,195,200,445702,95.2381,58,,,8.783291,51.74934,35.227802,226.0,1.0256411,1.2903225,True,False,False,,210,,,,58,39.0,,55,177,142,158,165,176,181,186,195,125.0,1447.0,546.0,128.0,39.0,0.0,0.0,89,59,755,976,305,90,11,951,114.0,False,False,False,2284,0,0,,,,194,191,13570,594,2026-04-23T19:47:08Z,2026-04-23T20:25:32Z,,fit,2122863030705324064,,,
i142140348,2026-04-22T21:30:08,Zwift - Waisted 8 in Watopia,VirtualRide,5605,42172.44,5609,231.0,14.76,7.517,True,174,154,73.78279,883,True,165,175,925703,83.333336,108,,,7.524075,50.789455,34.6791,226.0,1.060606,1.1363636,True,False,False,,210,,,,108,92.0,,55,177,142,158,165,176,181,186,195,457.0,3534.0,980.0,634.0,0.0,0.0,0.0,505,1418,2244,1009,303,93,33,1495,114.0,False,False,False,5608,1200,600,,,,176,173,14495,564,2026-04-22T19:30:08Z,2026-04-22T21:03:54Z,,fit,2122129683888750624,,,
i141673385,2026-04-21T11:12:40,Zwift - Flat Out Fast in Watopia,VirtualRide,5095,40095.2,5166,217.0,16.097,7.843,True,176,156,77.35734,791,True,162,169,829467,80.47619,92,,,7.8695188,42.003918,32.912415,226.0,1.0432099,1.0833334,True,False,False,,210,,,,92,91.0,,55,177,142,158,165,176,181,186,195,317.0,2002.0,1790.0,986.0,0.0,0.0,0.0,481,985,2515,887,189,38,0,1459,114.0,False,False,False,5120,1200,600,,,,161,158,13824,433,2026-04-21T09:12:40Z,2026-04-21T10:39:00Z,,fit,2121094217571794944,,,
i141124520,2026-04-19T13:08:57,Zwift - Tempus Fugit in Watopia,VirtualRide,2263,20079.86,2263,32.0,11.167,8.869,True,195,168,83.021454,421,True,195,212,440761,100.95238,64,,,8.873115,39.597584,32.247414,226.0,1.0871795,1.2619047,True,False,False,,210,,,,64,56.0,,55,177,142,158,165,176,181,186,195,138.0,238.0,402.0,587.0,332.0,276.0,291.0,165,431,455,285,601,296,31,303,114.0,False,False,False,2262,0,0,24.0,192.0,,226,221,18896,603,2026-04-19T11:08:57Z,2026-04-19T11:46:53Z,,fit,2119703103593775136,,,
i140478344,2026-04-16T22:18:45,Zwift - Tempus Fugit in Watopia,VirtualRide,2853,25094.04,2853,39.0,11.07,8.792,True,187,159,78.33556,524,True,193,195,549970,92.85714,68,,,8.795668,47.706337,33.017754,205.0,1.0103627,1.226415,True,False,False,,210,,,,68,55.0,,55,177,142,158,165,176,181,186,195,443.0,755.0,612.0,745.0,104.0,185.0,10.0,34,149,1143,1121,343,63,1,1398,114.0,False,False,False,2852,0,0,,,,199,196,14037,365,2026-04-16T20:18:45Z,2026-04-16T21:06:30Z,,fit,2117805502468472832,,,
i140135826,2026-04-15T18:34:08,Zwift - It's all about the Foundation,VirtualRide,2891,20101.42,2896,164.0,16.783,6.938,True,183,157,83.5306,447,True,162,173,469363,82.38095,55,,,6.9531026,44.58994,32.174847,205.0,1.0679013,1.1019108,True,False,False,,210,,,,55,52.0,,55,177,142,158,165,176,181,186,195,532.0,670.0,683.0,956.0,29.0,21.0,0.0,474,527,1461,147,241,33,8,320,114.0,False,False,False,2895,0,0,,,,171,167,14892,377,2026-04-15T16:34:08Z,2026-04-15T17:22:57Z,,fit,2116967726869119024,,,
i139710976,2026-04-14T12:30:53,Zwift - Group Ride: Stage 3 - The Zwift Big Spin,VirtualRide,3038,26674.16,3038,147.0,13.26,8.777,True,188,162,84.18894,564,True,191,202,579914,96.190475,78,,,8.780171,42.991318,31.62487,205.0,1.0575917,1.2469136,True,False,False,,210,,,,78,65.0,,55,177,142,158,165,176,181,186,195,241.0,496.0,652.0,1040.0,334.0,250.0,26.0,247,339,832,795,455,325,46,834,114.0,False,False,False,3037,0,0,12.0,184.0,,192,189,13451,482,2026-04-14T10:30:53Z,2026-04-14T12:05:15Z,,fit,2116059016940486656,,,
i139735160,2026-04-13T16:28:45,Afternoon Virtual Ride,VirtualRide,2229,20181.03,2229,32.0,11.064,9.049,True,188,161,79.24682,412,True,194,200,431822,95.2381,56,,,9.053849,37.615208,30.50745,205.0,1.0309278,1.242236,True,False,False,,210,,,,56,47.0,,55,177,142,158,165,176,181,186,195,179.0,312.0,428.0,974.0,244.0,68.0,25.0,69,105,764,976,203,90,23,1057,114.0,False,False,False,2228,0,0,11.0,187.0,,193,190,13478,386,2026-04-13T14:28:45Z,2026-04-14T12:27:22Z,,fit,activity_bfc4f9e7-2115455012174856240.fit,,,
i139734992,2026-04-09T20:51:11,Night Virtual Ride,VirtualRide,3857,30172.1,3857,163.0,12.396,7.822,True,185,156,82.14477,610,True,166,180,639529,85.71429,79,,,7.8226857,53.40783,32.106537,205.0,1.0843374,1.1538461,True,False,False,,210,,,,79,67.0,,55,177,142,158,165,176,181,186,195,197.0,1907.0,1383.0,306.0,43.0,22.0,0.0,443,973,1326,672,296,109,39,927,114.0,False,False,False,3856,1200,600,19.0,183.0,,176,173,14510,453,2026-04-09T18:51:11Z,2026-04-14T12:26:56Z,,fit,activity_9f4a5429-2112687969075724320.fit,,,
i139734997,2026-04-08T18:06:54,Evening Virtual Ride,VirtualRide,3687,30049.57,3687,70.0,10.424,8.147,True,181,163,80.51305,568,True,162,168,595644,80.0,66,,,8.150141,49.477768,30.97663,205.0,1.037037,1.0306748,True,False,False,,210,,,,66,76.0,,55,177,142,158,165,176,181,186,195,214.0,423.0,1314.0,1549.0,188.0,0.0,0.0,453,745,1491,778,172,44,5,1162,114.0,False,False,False,3686,1200,600,,,,173,169,14780,645,2026-04-08T16:06:54Z,2026-04-14T12:26:58Z,,fit,activity_9fa00635-2111880484052025392.fit,,,
i139735044,2026-04-07T20:26:48,Night Virtual Ride,VirtualRide,2830,25067.66,2830,39.0,11.415,8.854,True,181,166,81.88231,490,True,181,183,511529,87.14286,60,,,8.85783,46.940533,30.132732,205.0,1.0110497,1.1024096,True,False,False,,210,,,,60,63.0,,55,177,142,158,165,176,181,186,195,106.0,367.0,293.0,1930.0,135.0,0.0,0.0,108,217,1456,856,149,39,6,1246,114.0,False,False,False,2829,0,0,,,30.0,180,177,14237,627,2026-04-07T18:26:48Z,2026-04-14T12:27:05Z,,fit,activity_114a069b-2111226174498684960.fit,,,
i139735245,2026-04-06T15:48:22,Afternoon Virtual Ride,VirtualRide,2439,15023.87,2440,115.0,14.881,6.154,True,178,160,84.82116,382,True,164,172,401167,81.90476,45,,,6.159848,44.935055,29.413074,205.0,1.0487804,1.075,True,False,False,,210,,,,45,46.0,,55,177,142,158,165,176,181,186,195,168.0,723.0,704.0,769.0,35.0,0.0,0.0,209,750,897,480,73,17,13,571,114.0,False,False,False,2439,0,0,16.0,178.0,,165,161,14708,534,2026-04-06T13:48:22Z,2026-04-14T12:27:34Z,,fit,activity_eeacfbd1-2110361281675411504.fit,,,
i139735141,2026-04-05T11:47:13,Lunch Virtual Ride,VirtualRide,2253,20058.29,2253,32.0,10.766,8.898,True,190,163,83.55836,405,True,189,195,425026,92.85714,54,,,8.902925,44.925083,29.037504,205.0,1.031746,1.196319,True,False,False,,210,,,,54,47.0,,55,177,142,158,165,176,181,186,195,235.0,488.0,486.0,645.0,251.0,66.0,83.0,91,208,831,822,207,72,23,981,114.0,False,False,False,2252,0,0,20.0,187.0,,196,193,13693,530,2026-04-05T09:47:13Z,2026-04-14T12:27:18Z,,fit,activity_b79b0591-2109515099466121264.fit,,,
i139735068,2026-04-04T17:11:04,Afternoon Virtual Ride,VirtualRide,1607,12923.67,1607,50.0,12.61,8.037,True,179,163,80.59911,267,True,174,181,279472,86.190475,33,,,8.0421095,43.531494,28.436028,205.0,1.0402299,1.1104294,True,False,False,,210,,,,33,33.0,,55,177,142,158,165,176,181,186,195,38.0,305.0,601.0,637.0,27.0,0.0,0.0,65,412,720,267,87,27,30,434,114.0,False,False,False,1606,0,0,,,,170,166,14965,456,2026-04-04T15:11:04Z,2026-04-14T12:27:08Z,,fit,activity_5869ce4c-2108953302283583520.fit,,,
i139734973,2026-04-04T16:27:33,Afternoon Virtual Ride,VirtualRide,1941,16555.17,1944,67.0,14.975,8.511,True,174,152,80.77569,336,True,182,191,352746,90.95238,45,,,8.529196,43.531494,28.436028,205.0,1.0494505,1.2565789,True,False,False,,210,,,,45,31.0,,55,177,142,158,165,176,181,186,195,158.0,1070.0,579.0,120.0,0.0,0.0,0.0,37,412,812,444,129,73,34,657,114.0,False,False,False,1943,0,0,,,,186,183,13847,431,2026-04-04T14:27:33Z,2026-04-14T12:26:54Z,,fit,activity_6d1245b8-2108931443055935536.fit,,,
i139735241,2026-04-03T09:15:59,Morning Virtual Ride,VirtualRide,1812,13659.38,1812,53.0,13.009,7.534,True,186,156,87.422226,278,True,161,186,292347,88.57143,40,,,7.538289,38.23834,27.241772,205.0,1.1552795,1.1923077,True,False,False,,210,,,,40,33.0,,55,177,142,158,165,176,181,186,195,483.0,416.0,277.0,429.0,115.0,93.0,0.0,293,910,16,129,236,229,0,12,114.0,False,False,False,1811,0,0,16.0,186.0,,180,177,14205,267,2026-04-03T07:15:59Z,2026-04-14T12:27:33Z,,fit,activity_ec0259b3-2107989474234335280.fit,,,
i139735091,2026-04-02T15:46:52,Afternoon Virtual Ride,VirtualRide,2518,21127.42,2518,122.0,13.754,8.387,True,177,157,84.21859,459,True,191,198,480538,94.28571,62,,,8.390556,37.967808,26.934359,205.0,1.0366492,1.2611465,True,False,False,,210,,,,62,46.0,,55,177,142,158,165,176,181,186,195,286.0,701.0,1025.0,488.0,19.0,0.0,0.0,55,286,1082,682,246,109,59,1002,114.0,False,False,False,2517,0,0,12.0,177.0,,190,187,13527,481,2026-04-02T13:46:52Z,2026-04-14T12:27:11Z,,fit,activity_70199287-2107461401067913232.fit,,,
i139735216,2026-04-01T20:46:01,Night Virtual Ride,VirtualRide,2424,21992.03,2424,48.0,11.321,9.068,True,190,165,84.86564,475,True,206,210,498362,100.0,67,,,9.072619,34.277306,26.089443,205.0,1.0194175,1.2727273,True,False,False,,210,,,,67,53.0,,55,177,142,158,165,176,181,186,195,119.0,551.0,529.0,583.0,462.0,137.0,44.0,38,102,586,886,642,168,3,710,114.0,False,False,False,2423,0,0,16.0,182.0,,205,200,18451,486,2026-04-01T18:46:01Z,2026-04-14T12:27:29Z,,fit,activity_e412c0bd-2106887151441444896.fit,,,
i139735082,2026-03-29T08:14:02,Morning Virtual Ride,VirtualRide,1965,16576.52,1965,63.0,12.426,8.431,True,191,172,84.2907,339,True,181,185,355056,88.09524,42,,,8.435887,38.92632,26.328026,204.0,1.0220995,1.0755814,True,False,False,,210,,,,42,51.0,,55,177,142,158,165,176,181,186,195,109.0,160.0,103.0,676.0,474.0,295.0,149.0,68,322,880,501,124,49,22,793,114.0,False,False,False,1964,0,0,11.0,182.0,,177,174,14381,395,2026-03-29T06:14:02Z,2026-04-14T12:27:10Z,,fit,activity_261201c7-2104334417404117008.fit,,,
i139735252,2026-03-28T18:20:32,Evening Virtual Ride,VirtualRide,1213,10374.11,1213,52.0,14.335,8.545,True,195,167,86.95337,231,True,200,205,242422,97.61905,32,,,8.552441,38.45431,25.950405,204.0,1.025,1.2275449,True,False,False,,210,,,,32,29.0,,55,177,142,158,165,176,181,186,195,130.0,132.0,158.0,291.0,254.0,78.0,171.0,17,105,329,385,318,60,0,371,114.0,False,False,False,1212,0,0,,,,197,194,13847,362,2026-03-28T17:20:32Z,2026-04-14T12:27:35Z,,fit,activity_f4d2f047-2103945115109195776.fit,,,
i139735182,2026-03-27T18:26:21,Evening Virtual Ride,VirtualRide,3827,21169.43,3906,217.0,23.127,5.47,True,177,159,79.316315,504,True,136,158,529868,75.2381,60,,,5.531599,39.44547,25.804638,204.0,1.1617647,0.9937107,True,False,False,,210,,,,60,70.0,,55,177,142,158,165,176,181,186,195,114.0,1384.0,1565.0,762.0,2.0,0.0,0.0,983,1529,924,281,46,24,40,474,114.0,False,False,False,3905,1200,600,12.0,177.0,,158,155,12979,745,2026-03-27T17:26:21Z,2026-04-14T12:27:26Z,,fit,activity_cb987571-2103223204431544336.fit,,,
i139735053,2026-03-26T22:30:18,Night Virtual Ride,VirtualRide,1829,15216.61,1837,61.0,14.474,8.283,True,184,155,81.110435,311,True,178,188,325921,89.52381,41,,,8.3196335,36.289013,24.980692,204.0,1.0561798,1.2129033,True,False,False,,210,,,,41,38.0,,55,177,142,158,165,176,181,186,195,366.0,15.0,296.0,775.0,202.0,175.0,0.0,92,352,786,455,80,39,25,671,114.0,False,False,False,1836,0,0,,,,177,174,14381,549,2026-03-26T21:30:18Z,2026-04-14T12:27:07Z,,fit,activity_478b9df6-2102621305726566416.fit,,,
i139735150,2026-03-25T13:23:05,Lunch Virtual Ride,VirtualRide,1805,8909.49,1808,77.0,14.245,4.925,True,176,145,92.696594,229,True,134,155,242621,73.809525,27,,,4.9360056,35.56557,24.594704,204.0,1.1567165,1.0689656,True,False,False,,210,,,,27,27.0,,55,177,142,158,165,176,181,186,195,556.0,566.0,266.0,417.0,0.0,0.0,0.0,1003,254,246,186,116,0,0,9,114.0,False,False,False,1807,0,0,,,,154,151,11872,254,2026-03-25T12:23:05Z,2026-04-14T12:27:20Z,,fit,activity_bcdbc368-2101620986242695168.fit,,,
i139735108,2026-03-22T09:26:23,Morning Virtual Ride,VirtualRide,2254,20096.46,2254,32.0,11.676,8.911,True,183,170,83.37774,397,True,185,187,415767,89.04762,50,,,8.91591,49.07792,25.73343,204.0,1.0108109,1.1,True,False,False,,210,,,,50,55.0,,55,177,142,158,165,176,181,186,195,90.0,111.0,204.0,1568.0,251.0,31.0,0.0,43,134,1169,767,124,18,0,1162,114.0,False,False,False,2253,0,0,,,,183,180,14044,328,2026-03-22T08:26:23Z,2026-04-14T12:27:14Z,,fit,activity_a75fbafe-2099327657685565440.fit,,,
i139735078,2026-03-21T13:51:32,Lunch Virtual Ride,VirtualRide,4263,31959.4,4263,202.0,13.444,7.495,True,184,158,83.68929,641,True,158,169,674036,80.47619,77,,,7.4969273,48.936317,25.148722,204.0,1.0696203,1.0696203,True,False,False,,210,,,,77,78.0,,55,177,142,158,165,176,181,186,195,455.0,1561.0,1051.0,1064.0,94.0,39.0,0.0,731,614,2219,491,92,99,18,598,114.0,False,False,False,4262,1200,600,,,,172,168,14847,396,2026-03-21T12:51:32Z,2026-04-14T12:27:09Z,,fit,activity_61980f46-2098736264571256864.fit,,,
i139735207,2026-03-19T14:45:14,Afternoon Virtual Ride,VirtualRide,2281,19366.82,2281,59.0,15.005,8.501,True,184,155,81.01722,402,True,184,190,420628,90.47619,52,,,8.490496,51.47982,24.475214,204.0,1.0326087,1.2258065,True,False,False,,210,,,,52,44.0,,55,177,142,158,165,176,181,186,195,389.0,213.0,294.0,1327.0,20.0,39.0,0.0,50,282,1081,638,122,101,8,988,114.0,False,False,False,2280,0,0,,,,184,181,13953,407,2026-03-19T13:45:14Z,2026-04-14T12:27:27Z,,fit,activity_cf3c1244-2097313803849990176.fit,,,
i139735132,2026-03-18T19:22:45,Evening Virtual Ride,VirtualRide,2452,22059.23,2495,48.0,11.019,8.97,True,180,160,80.08112,451,True,193,196,473656,93.333336,59,,,8.996424,51.399937,23.811998,204.0,1.015544,1.225,True,False,False,,210,,,,59,48.0,,55,177,142,158,165,176,181,186,195,229.0,411.0,717.0,987.0,72.0,0.0,0.0,60,97,809,1166,239,81,0,1337,114.0,False,False,False,2459,0,0,,,,193,190,13478,419,2026-03-18T18:22:45Z,2026-04-14T12:27:17Z,,fit,activity_b4e4a1dc-2096728637926572064.fit,,,
i139735036,2026-03-17T19:16:41,Evening Virtual Ride,VirtualRide,3369,24010.54,3380,155.0,17.916,7.114,True,182,159,83.12373,549,True,170,176,575060,83.809525,66,,,7.126904,50.232834,22.964136,204.0,1.0352942,1.1069182,True,False,False,,210,,,,66,64.0,,55,177,142,158,165,176,181,186,195,372.0,897.0,1175.0,780.0,138.0,7.0,0.0,161,964,1483,427,215,99,20,717,114.0,False,False,False,3379,0,0,10.0,177.0,,174,170,14673,487,2026-03-17T18:16:41Z,2026-04-14T12:27:04Z,,fit,activity_43e30262-2096000835837263904.fit,,,
i139735169,2026-03-16T19:14:42,Evening Virtual Ride,VirtualRide,1878,16652.89,1878,63.0,14.445,8.862,True,189,161,83.71336,356,True,199,212,372931,100.95238,53,,,8.867353,47.81155,21.927177,204.0,1.0653267,1.3167702,True,False,False,,210,,,,53,38.0,,55,177,142,158,165,176,181,186,195,155.0,216.0,714.0,676.0,43.0,54.0,21.0,58,147,534,811,209,48,72,718,114.0,False,False,False,1877,0,0,20.0,187.0,,197,192,19097,492,2026-03-16T18:14:42Z,2026-04-14T16:33:06Z,,fit,activity_c4ff6471-2095275025664868352.fit,,,
i139735008,2026-03-15T17:46:49,Afternoon Virtual Ride,VirtualRide,3612,31756.58,3612,92.0,15.524,8.789,True,184,167,82.57087,626,True,182,188,656302,89.52381,80,,,8.7919655,47.014786,21.17847,204.0,1.0329671,1.1257485,True,False,False,,210,,,,80,81.0,,55,177,142,158,165,176,181,186,195,113.0,423.0,345.0,2558.0,150.0,24.0,0.0,166,414,1622,1046,211,141,13,1436,114.0,False,False,False,3611,1200,600,11.0,177.0,,194,191,13531,393,2026-03-15T16:46:49Z,2026-04-14T12:26:59Z,,fit,activity_24f01e39-2094506004975747104.fit,,,
i139735120,2026-03-13T19:07:03,Evening Virtual Ride,VirtualRide,5416,37133.6,5422,300.0,16.336,6.853,True,181,158,75.92741,812,True,158,167,854179,79.52381,95,,,6.856278,48.391373,20.237303,204.0,1.056962,1.056962,True,False,False,,210,,,,95,100.0,,55,177,142,158,165,176,181,186,195,620.0,1335.0,2102.0,1228.0,131.0,0.0,0.0,896,2478,409,1575,35,23,0,1396,114.0,False,False,False,5421,1200,600,,,,169,165,15038,324,2026-03-13T18:07:03Z,2026-04-14T12:27:17Z,,fit,activity_b1a80e54-2093096925527015440.fit,,,
i139735224,2026-03-12T19:21:24,Evening Virtual Ride,VirtualRide,1782,11104.6,1782,204.0,18.726,6.228,True,179,162,80.70102,342,True,201,208,357945,99.04762,49,,,6.2315373,41.233917,18.435879,204.0,1.0348259,1.2839506,True,False,False,,210,,,,49,37.0,,55,177,142,158,165,176,181,186,195,90.0,261.0,593.0,705.0,134.0,0.0,0.0,48,170,491,515,379,156,24,478,114.0,False,False,False,1781,0,0,,,,196,191,19182,446,2026-03-12T18:21:24Z,2026-04-14T12:27:32Z,,fit,activity_e1058d85-2092379354033061920.fit,,,
i139735102,2026-03-10T15:07:07,Afternoon Virtual Ride,VirtualRide,2687,13765.36,2694,183.0,16.937,5.107,True,169,149,87.048355,391,True,152,171,409898,81.42857,49,,,5.1229477,46.190266,18.1259,204.0,1.125,1.147651,True,False,False,,210,,,,49,40.0,,55,177,142,158,165,176,181,186,195,546.0,1465.0,614.0,62.0,0.0,0.0,0.0,622,1088,258,214,438,53,14,206,114.0,False,False,False,2693,0,0,,,,159,156,13180,392,2026-03-10T14:07:07Z,2026-04-14T12:27:13Z,,fit,activity_a7ec18c2-2090801801690349584.fit,,,
i139735096,2026-03-09T18:54:14,Evening Virtual Ride,VirtualRide,1708,14863.78,1708,72.0,11.901,8.697,True,183,166,81.13313,339,True,209,212,355929,100.95238,48,,,8.702448,45.75879,17.38198,204.0,1.0143541,1.2771084,True,False,False,,210,,,,48,39.0,,55,177,142,158,165,176,181,186,195,67.0,422.0,114.0,806.0,251.0,49.0,0.0,32,72,375,618,445,146,21,497,114.0,False,False,False,1707,0,0,,,,204,199,18532,573,2026-03-09T17:54:14Z,2026-04-14T12:27:12Z,,fit,activity_74418607-2090191319853973552.fit,,,
i139734955,2026-03-08T18:48:48,Evening Virtual Ride,VirtualRide,3616,26157.37,3617,102.0,13.563,7.229,True,177,152,84.31809,505,True,147,157,531082,74.7619,56,,,7.2337856,45.41462,16.644232,195.0,1.0680273,1.0328947,True,False,False,,210,,,,56,57.0,,55,177,142,158,165,176,181,186,195,530.0,2262.0,576.0,246.0,2.0,0.0,0.0,783,2078,560,73,60,52,10,432,114.0,False,False,False,3616,1200,600,,,,171,167,14910,358,2026-03-08T17:48:48Z,2026-04-14T12:26:51Z,,fit,activity_1c775f4c-2089463798791421968.fit,,,
i139735048,2026-03-07T19:26:01,Evening Virtual Ride,VirtualRide,2493,22085.62,2493,49.0,11.545,8.855,True,180,157,78.85167,464,True,195,200,486354,95.2381,63,,,8.859053,43.789074,15.695945,195.0,1.0256411,1.2738854,True,False,False,,210,,,,63,45.0,,55,177,142,158,165,176,181,186,195,253.0,961.0,797.0,390.0,93.0,0.0,0.0,80,167,785,974,337,129,22,947,114.0,False,False,False,2492,0,0,,,,194,191,13570,579,2026-03-07T18:26:01Z,2026-04-14T12:27:06Z,,fit,activity_128fd76e-2088757720260821024.fit,,,
i139735113,2026-03-06T19:28:41,Evening Virtual Ride,VirtualRide,3827,30076.48,3862,102.0,15.452,7.859,True,174,148,71.275024,550,True,151,162,576547,77.14286,63,,,7.8590226,40.838947,14.556143,195.0,1.0728477,1.0945946,True,False,False,,210,,,,63,54.0,,55,177,142,158,165,176,181,186,195,1263.0,2074.0,394.0,96.0,0.0,0.0,0.0,375,2205,760,250,96,122,19,417,114.0,False,False,False,3824,1200,600,,,,156,153,12464,374,2026-03-06T18:28:41Z,2026-04-14T12:27:15Z,,fit,activity_a162e683-2088034297217826816.fit,,,
i139734987,2026-03-05T21:10:23,Night Virtual Ride,VirtualRide,2348,20228.51,2348,32.0,11.327,8.611,True,174,151,76.753265,389,True,174,181,407243,86.190475,48,,,8.615209,37.435783,13.388877,195.0,1.0402299,1.1986755,True,False,False,,210,,,,48,37.0,,55,177,142,158,165,176,181,186,195,668.0,697.0,519.0,465.0,0.0,0.0,0.0,95,539,1086,397,178,47,7,704,114.0,False,False,False,2347,0,0,,,,182,179,14095,419,2026-03-05T20:10:23Z,2026-04-14T12:26:56Z,,fit,activity_8c053cb6-2087360704687374336.fit,,,
i139735011,2026-03-04T17:50:39,Afternoon Virtual Ride,VirtualRide,2425,20174.82,2426,82.0,12.333,8.312,True,185,162,82.73824,407,True,176,189,426351,90.0,55,,,8.319513,35.813488,12.5549135,195.0,1.0738636,1.1666666,True,False,False,,210,,,,55,49.0,,55,177,142,158,165,176,181,186,195,98.0,508.0,680.0,1054.0,58.0,27.0,0.0,189,569,807,491,191,158,20,554,114.0,False,False,False,2425,0,0,20.0,185.0,,187,184,13781,442,2026-03-04T16:50:39Z,2026-04-14T12:27:00Z,,fit,activity_26c0cdc7-2086535400087650320.fit,,,
i139735019,2026-03-03T18:58:47,Evening Virtual Ride,VirtualRide,2822,20132.71,2827,96.0,11.685,7.119,True,176,153,78.57743,389,True,145,159,408548,75.71429,45,,,7.1341996,32.86711,11.532189,195.0,1.0965518,1.0392157,True,False,False,,210,,,,45,47.0,,55,177,142,158,165,176,181,186,195,789.0,716.0,552.0,765.0,0.0,0.0,0.0,1256,177,959,430,0,0,0,473,114.0,False,False,False,2826,0,0,,,,155,152,12010,230,2026-03-03T17:58:47Z,2026-04-14T12:27:02Z,,fit,activity_30c76ab4-2085844943695265792.fit,,,
i139735072,2026-03-02T18:10:44,Evening Virtual Ride,VirtualRide,3094,14255.47,3116,248.0,24.151,4.576,True,176,151,70.51975,385,True,129,148,400541,70.47619,43,,,4.607456,31.003923,10.725775,195.0,1.1472868,0.98013246,True,False,False,,210,,,,43,50.0,,55,177,142,158,165,176,181,186,195,808.0,943.0,659.0,684.0,0.0,0.0,0.0,1099,1435,304,148,72,11,25,221,114.0,False,False,False,3115,0,0,,,30.0,157,154,12779,812,2026-03-02T17:10:44Z,2026-04-14T12:27:09Z,,fit,activity_6664c3a4-2085096003882483744.fit,,,
i139735198,2026-03-01T11:12:38,Lunch Virtual Ride,VirtualRide,3157,25291.53,3157,131.0,13.891,8.008,True,186,170,79.17403,498,True,165,176,522069,83.809525,62,,,8.011254,29.161745,9.94812,195.0,1.0666667,1.0352942,True,False,False,,210,,,,62,76.0,,55,177,142,158,165,176,181,186,195,108.0,172.0,315.0,1724.0,727.0,112.0,0.0,372,666,1392,425,172,123,8,900,114.0,False,False,False,3156,0,0,15.0,186.0,,179,176,14308,422,2026-03-01T10:12:38Z,2026-04-14T12:27:27Z,,fit,activity_ce7c64af-2084160797075832832.fit,,,
i139735062,2026-02-28T15:16:51,Afternoon Virtual Ride,VirtualRide,3037,19487.7,3037,156.0,19.675,6.414,True,186,157,77.72576,437,True,151,171,458181,81.42857,56,,,6.4167595,24.118938,8.693918,195.0,1.1324503,1.089172,True,False,False,,210,,,,56,57.0,,55,177,142,158,165,176,181,186,195,649.0,896.0,95.0,1019.0,288.0,90.0,0.0,1002,730,560,431,198,107,9,474,114.0,False,False,False,3036,0,0,13.0,177.0,,176,173,14454,351,2026-02-28T14:16:51Z,2026-04-14T12:27:08Z,,fit,activity_5534e415-2083558863189082112.fit,,,
i139735099,2026-02-28T12:59:50,Lunch Virtual Ride,VirtualRide,1820,11810.54,1820,64.0,13.166,6.485,True,166,141,77.28484,201,True,116,128,211699,60.95238,19,,,6.489308,24.118938,8.693918,195.0,1.1034483,0.9078014,True,False,False,,210,,,,19,22.0,,55,177,142,158,165,176,181,186,195,895.0,776.0,144.0,6.0,0.0,0.0,0.0,1102,394,298,27,0,0,0,118,114.0,False,False,False,1819,0,0,,,,129,127,9685,361,2026-02-28T11:59:50Z,2026-04-14T12:27:12Z,,fit,activity_a3f83fd9-2083490006432743424.fit,,,
i139734985,2026-02-23T19:12:00,Evening Virtual Ride,VirtualRide,2727,16191.14,2727,178.0,16.401,5.935,True,178,155,73.28614,368,True,142,150,386671,71.42857,39,,,5.937345,28.873499,7.805321,195.0,1.0563381,0.9677419,True,False,False,,210,,,,39,47.0,,55,177,142,158,165,176,181,186,195,535.0,796.0,674.0,695.0,28.0,0.0,0.0,867,914,829,118,0,0,0,313,114.0,False,False,False,2726,0,0,13.0,177.0,,150,147,11155,207,2026-02-23T18:12:00Z,2026-04-14T12:26:55Z,,fit,activity_8ba8a1ec-2080053355912134704.fit,,,
i139735027,2026-02-22T15:09:01,Afternoon Virtual Ride,VirtualRide,3364,19858.09,3368,164.0,19.132,5.894,True,169,148,77.215225,421,True,132,137,443333,65.2381,40,,,5.903118,27.318422,7.053678,195.0,1.0378788,0.9256757,True,False,False,,210,,,,40,49.0,,55,177,142,158,165,176,181,186,195,796.0,1738.0,799.0,31.0,0.0,0.0,0.0,1196,1683,485,0,0,0,0,1,114.0,False,False,False,3367,0,0,,,,140,138,10528,215,2026-02-22T14:09:01Z,2026-04-14T12:27:03Z,,fit,activity_33bd11bf-2079206248649097264.fit,,,
i139734960,2026-02-21T11:46:49,Lunch Virtual Ride,VirtualRide,1848,16696.33,1848,63.0,13.738,9.029,True,190,168,80.48035,342,True,194,202,358899,96.190475,48,,,9.034811,25.370975,6.2598286,195.0,1.0412371,1.2023809,True,False,False,,210,,,,48,45.0,,55,177,142,158,165,176,181,186,195,134.0,290.0,240.0,360.0,233.0,559.0,33.0,52,126,748,584,191,125,23,810,114.0,False,False,False,1847,0,0,11.0,185.0,,195,192,13663,464,2026-02-21T10:46:49Z,2026-04-14T12:26:53Z,,fit,activity_4a4417e1-2078379821074759728.fit,,,
i139735032,2026-02-20T20:51:42,Night Virtual Ride,VirtualRide,3003,14147.75,3007,271.0,23.439,4.703,True,173,149,72.81988,408,True,143,150,429721,71.42857,43,,,4.7112055,21.895948,5.2540894,193.0,1.048951,1.0067114,True,False,False,,210,,,,43,46.0,,55,177,142,158,165,176,181,186,195,1192.0,333.0,934.0,544.0,0.0,0.0,0.0,365,2038,271,329,0,0,0,438,114.0,False,False,False,3006,0,0,,,,163,160,14550,197,2026-02-20T19:51:42Z,2026-04-14T12:27:03Z,,fit,activity_40f6005b-2077929300790624272.fit,,,
i139735209,2026-02-19T21:25:06,Night Virtual Ride,VirtualRide,1797,6331.91,1807,144.0,8.694,3.502,True,182,156,90.33833,243,True,141,155,255149,73.809525,27,,,3.5236006,18.655106,4.344593,193.0,1.0992907,0.99358976,True,False,False,,210,,,,27,33.0,,55,177,142,158,165,176,181,186,195,431.0,282.0,416.0,570.0,86.0,12.0,0.0,392,1169,15,15,206,0,0,16,114.0,False,False,False,1806,0,0,11.0,182.0,,155,152,12038,233,2026-02-19T20:25:06Z,2026-04-14T12:27:28Z,,fit,activity_e0fa35d2-2077221338791034880.fit,,,
i139735085,2026-02-18T13:42:42,Lunch Virtual Ride,VirtualRide,694,5555.62,694,27.0,13.104,7.993,True,177,163,79.33721,119,True,180,184,124802,87.61905,15,,,8.005217,17.373621,3.7987056,193.0,1.0222223,1.1288344,True,False,False,,210,,,,15,14.0,,55,177,142,158,165,176,181,186,195,50.0,56.0,174.0,413.0,2.0,0.0,0.0,17,170,289,123,56,30,10,188,114.0,False,False,False,693,0,0,,,,161,158,13966,393,2026-02-18T12:42:42Z,2026-04-14T12:27:11Z,,fit,activity_7838735e-2076263752738553888.fit,,,
i139734967,2026-02-18T13:14:38,Lunch Virtual Ride,VirtualRide,1345,8840.39,1347,66.0,13.451,6.558,True,166,142,76.14868,180,True,140,152,188882,72.38095,20,,,6.5727806,17.373621,3.7987056,193.0,1.0857143,1.0704225,True,False,False,,210,,,,20,17.0,,55,177,142,158,165,176,181,186,195,607.0,600.0,121.0,17.0,0.0,0.0,0.0,612,228,263,153,89,0,0,45,114.0,False,False,False,1346,0,0,,,,151,148,11237,248,2026-02-18T12:14:38Z,2026-04-14T12:26:53Z,,fit,activity_5a418811-2076249681981079600.fit,,,
i139735255,2026-02-17T19:20:44,Evening Virtual Ride,VirtualRide,1263,11153.85,1265,61.0,13.747,8.81,True,190,176,75.16379,235,True,195,203,246401,96.666664,33,,,8.831235,14.666826,3.0469031,193.0,1.0410256,1.1534091,True,False,False,,210,,,,33,36.0,,55,177,142,158,165,176,181,186,195,57.0,48.0,16.0,318.0,228.0,487.0,109.0,49,22,397,568,148,55,24,641,114.0,False,False,False,1264,0,0,21.0,189.0,,193,190,13478,402,2026-02-17T18:20:44Z,2026-04-14T12:27:36Z,,fit,activity_f389a3d2-2075709134124105744.fit,,,
i139735259,2026-02-16T19:18:43,Evening Virtual Ride,VirtualRide,2728,21101.11,2730,32.0,10.91,7.726,True,174,155,69.7819,331,True,127,135,347123,64.28571,31,,,7.7350106,11.851493,2.3251762,181.0,1.0629921,0.87096775,True,False,False,,210,,,,31,46.0,,55,177,142,158,165,176,181,186,195,480.0,882.0,941.0,425.0,0.0,0.0,0.0,994,1320,414,0,0,0,0,112,114.0,False,False,False,2729,0,0,,,,133,131,9981,210,2026-02-16T18:18:43Z,2026-04-14T12:27:36Z,,fit,activity_feb540ad-2074983378460885040.fit,,,
i139735239,2026-02-15T12:52:51,Lunch Virtual Ride,VirtualRide,707,5039.74,709,49.0,15.238,7.098,True,195,181,80.43891,121,True,179,201,127026,95.71429,18,,,7.1283455,8.910953,1.6342496,181.0,1.122905,1.1104972,True,False,False,,210,,,,18,22.0,,55,177,142,158,165,176,181,186,195,0.0,36.0,7.0,82.0,125.0,242.0,215.0,80,122,198,155,82,41,29,188,114.0,False,False,False,708,0,0,17.0,192.0,,174,170,14673,485,2026-02-15T11:52:51Z,2026-04-14T12:27:32Z,,fit,activity_e6339701-2074064459806015488.fit,,,
i139735178,2026-02-15T11:59:36,Lunch Virtual Ride,VirtualRide,1796,10185.18,1813,121.0,17.12,5.62,,0,0,87.685616,236,True,137,160,248364,76.190475,29,,,5.6710353,8.910953,1.6342496,181.0,1.1678832,,True,False,False,,210,,,,29,,,55,177,142,158,165,176,181,186,195,,,,,,,,1031,172,128,238,227,0,0,230,114.0,False,False,False,1812,0,0,,,,156,153,12282,233,2026-02-15T10:59:36Z,2026-04-14T12:29:56Z,,fit,activity_c55a92fd-2074037549159940144.fit,,,
i139735145,2026-02-14T10:28:13,Morning Virtual Ride,VirtualRide,924,7665.38,926,37.0,13.142,8.269,True,192,163,75.41816,162,True,184,197,170468,93.809525,23,,,8.295866,3.0618083,0.5411512,,1.0706521,1.208589,True,False,False,,210,,,,23,21.0,,55,177,142,158,165,176,181,186,195,197.0,53.0,112.0,107.0,148.0,195.0,112.0,62,112,373,225,55,77,20,346,114.0,False,False,False,925,0,0,,,,181,178,14154,481,2026-02-14T09:28:13Z,2026-04-14T12:27:20Z,,fit,activity_b492c3fa-2073266819820421120.fit,,,
i139734977,2026-02-13T18:35:02,Evening Virtual Ride,VirtualRide,626,5146.83,642,45.0,15.914,8.105,True,193,179,73.91901,97,True,159,175,101739,83.333336,12,,,8.221773,,,,1.100629,0.9776536,True,False,False,,210,,,,12,19.0,,55,177,142,158,165,176,181,186,195,16.0,47.0,27.0,68.0,111.0,188.0,169.0,131,143,127,141,62,13,9,117,114.0,False,False,False,641,0,0,13.0,192.0,,151,148,11242,373,2026-02-13T17:35:02Z,2026-04-14T12:26:54Z,,fit,activity_7fb47575-2072787050540564512.fit,,,
i139580743,2026-02-13T18:14:39,Evening Virtuel cykling,VirtualRide,1019,7447.09,1021,80.0,18.14,7.286,True,195,171,69.34583,171,True,176,198,179949,94.28571,25,,,7.3082333,,,,1.125,1.1578947,True,False,False,,210,,,,25,27.0,,55,177,142,158,165,176,181,186,195,118.0,58.0,80.0,225.0,167.0,89.0,282.0,135,225,232,187,123,89,28,166,114.0,False,False,False,1020,0,0,14.0,185.0,,179,176,14308,410,2026-02-13T17:14:39Z,2026-04-14T10:20:13Z,,fit,2026-02-13-18-14-24.fit,,,
